property_id,property_name,city,capacity,occ_pct
17558,Atliq Grands,Mumbai,25.517711171662125,53.906267029972746
17560,Atliq City,Mumbai,30.75,52.93801630434782
18559,Atliq Exotica,Hyderabad,32.0,44.71847826086957
19558,Atliq Grands,Bangalore,26.716621253405993,44.86378746594005
19561,Atliq Blu,Bangalore,29.25,53.19779891304348
19563,Atliq Palace,Bangalore,27.5,53.865135869565215
